{"cameraMode":{"drawMode":0,"name":"Shaded","section":"Shading Mode"},"sceneLighting":true,"audioPlay":false,"sceneViewState":{"m_AlwaysRefresh":false,"showFog":true,"showSkybox":true,"showFlares":true,"showImageEffects":true,"showParticleSystems":true,"showVisualEffectGraphs":true,"m_FxEnabled":true},"in2DMode":false,"pivot":{"x":24.349714279174806,"y":6.3070831298828129,"z":15.597644805908204},"rotation":{"x":-0.045984022319316867,"y":0.7835752964019775,"z":-0.05840201675891876,"w":-0.6168659925460815},"size":10.342230796813965,"orthographic":false}